generated_id,source_sample_id,original_graph_id,n,input_l1_matrix,original_vertex_permutation,generated_edges,generated_matrix,generated_edge_count,generated_planar,chromatic_generated,permuted_generated_edges,permuted_generated_matrix,permuted_generated_edge_count,permuted_generated_planar,chromatic_permuted_generated,union_generated_edges,union_generated_matrix,union_generated_edge_count,union_planar,chromatic_union,both_graphs_planar,both_planar_union_nonplanar
78,1484,ID12-13.64.4:,13,0 0 0 0 1 0 1 1 0 0 1 0 0|0 0 0 1 0 0 1 0 0 0 1 0 0|0 0 0 1 1 0 0 1 0 0 1 0 0|0 1 1 0 0 0 1 1 1 0 1 1 1|1 0 1 0 0 0 0 1 0 0 0 0 0|0 0 0 0 0 0 1 0 1 1 0 0 0|1 1 0 1 0 1 0 1 1 1 1 0 0|1 0 1 1 1 0 1 0 0 1 0 1 1|0 0 0 1 0 1 1 0 0 1 0 1 0|0 0 0 0 0 1 1 1 1 0 0 1 0|1 1 1 1 0 0 1 0 0 0 0 0 0|0 0 0 1 0 0 0 1 1 1 0 0 1|0 0 0 1 0 0 0 1 0 0 0 1 0,"1->5,2->2,3->1,4->12,5->6,6->4,7->11,8->13,9->9,10->10,11->8,12->3,13->7","1-3, 1-7, 1-8, 1-11, 2-4, 2-7, 2-11, 3-4, 3-8, 3-11, 4-7, 4-8, 4-9, 4-11, 4-12, 4-13, 5-6, 5-8, 5-10, 6-7, 6-9, 6-10, 7-8, 7-9, 7-10, 7-11, 8-10, 8-12, 8-13, 9-10, 9-12, 10-12, 12-13",0 0 1 0 0 0 1 1 0 0 1 0 0|0 0 0 1 0 0 1 0 0 0 1 0 0|1 0 0 1 0 0 0 1 0 0 1 0 0|0 1 1 0 0 0 1 1 1 0 1 1 1|0 0 0 0 0 1 0 1 0 1 0 0 0|0 0 0 0 1 0 1 0 1 1 0 0 0|1 1 0 1 0 1 0 1 1 1 1 0 0|1 0 1 1 1 0 1 0 0 1 0 1 1|0 0 0 1 0 1 1 0 0 1 0 1 0|0 0 0 0 1 1 1 1 1 0 0 1 0|1 1 1 1 0 0 1 0 0 0 0 0 0|0 0 0 1 0 0 0 1 1 1 0 0 1|0 0 0 1 0 0 0 1 0 0 0 1 0,33,0,4,"1-5, 1-8, 1-12, 1-13, 2-8, 2-11, 2-12, 3-7, 3-9, 3-10, 3-12, 3-13, 4-6, 4-9, 4-10, 4-11, 5-8, 5-11, 5-13, 6-10, 6-13, 7-12, 7-13, 8-11, 8-12, 9-10, 9-11, 9-12, 10-11, 10-13, 11-12, 11-13, 12-13",0 0 0 0 1 0 0 1 0 0 0 1 1|0 0 0 0 0 0 0 1 0 0 1 1 0|0 0 0 0 0 0 1 0 1 1 0 1 1|0 0 0 0 0 1 0 0 1 1 1 0 0|1 0 0 0 0 0 0 1 0 0 1 0 1|0 0 0 1 0 0 0 0 0 1 0 0 1|0 0 1 0 0 0 0 0 0 0 0 1 1|1 1 0 0 1 0 0 0 0 0 1 1 0|0 0 1 1 0 0 0 0 0 1 1 1 0|0 0 1 1 0 1 0 0 1 0 1 0 1|0 1 0 1 1 0 0 1 1 1 0 1 1|1 1 1 0 0 0 1 1 1 0 1 0 1|1 0 1 0 1 1 1 0 0 1 1 1 0,33,0,4,"1-3, 1-5, 1-7, 1-8, 1-11, 1-12, 1-13, 2-4, 2-7, 2-8, 2-11, 2-12, 3-4, 3-7, 3-8, 3-9, 3-10, 3-11, 3-12, 3-13, 4-6, 4-7, 4-8, 4-9, 4-10, 4-11, 4-12, 4-13, 5-6, 5-8, 5-10, 5-11, 5-13, 6-7, 6-9, 6-10, 6-13, 7-8, 7-9, 7-10, 7-11, 7-12, 7-13, 8-10, 8-11, 8-12, 8-13, 9-10, 9-11, 9-12, 10-11, 10-12, 10-13, 11-12, 11-13, 12-13",0 0 1 0 1 0 1 1 0 0 1 1 1|0 0 0 1 0 0 1 1 0 0 1 1 0|1 0 0 1 0 0 1 1 1 1 1 1 1|0 1 1 0 0 1 1 1 1 1 1 1 1|1 0 0 0 0 1 0 1 0 1 1 0 1|0 0 0 1 1 0 1 0 1 1 0 0 1|1 1 1 1 0 1 0 1 1 1 1 1 1|1 1 1 1 1 0 1 0 0 1 1 1 1|0 0 1 1 0 1 1 0 0 1 1 1 0|0 0 1 1 1 1 1 1 1 0 1 1 1|1 1 1 1 1 0 1 1 1 1 0 1 1|1 1 1 1 0 0 1 1 1 1 1 0 1|1 0 1 1 1 1 1 1 0 1 1 1 0,56,0,8,0,0
1276,1484,ID12-13.64.4:,13,0 0 0 0 1 0 1 1 0 0 1 0 0|0 0 0 1 0 0 1 0 0 0 1 0 0|0 0 0 1 1 0 0 1 0 0 1 0 0|0 1 1 0 0 0 1 1 1 0 1 1 1|1 0 1 0 0 0 0 1 0 0 0 0 0|0 0 0 0 0 0 1 0 1 1 0 0 0|1 1 0 1 0 1 0 1 1 1 1 0 0|1 0 1 1 1 0 1 0 0 1 0 1 1|0 0 0 1 0 1 1 0 0 1 0 1 0|0 0 0 0 0 1 1 1 1 0 0 1 0|1 1 1 1 0 0 1 0 0 0 0 0 0|0 0 0 1 0 0 0 1 1 1 0 0 1|0 0 0 1 0 0 0 1 0 0 0 1 0,"1->5,2->2,3->1,4->12,5->6,6->4,7->11,8->13,9->9,10->10,11->8,12->3,13->7","1-3, 1-7, 1-8, 1-11, 2-4, 2-7, 2-11, 3-4, 3-8, 3-11, 4-7, 4-8, 4-9, 4-11, 4-12, 4-13, 5-6, 5-8, 5-10, 6-7, 6-9, 6-10, 7-8, 7-9, 7-10, 7-11, 8-10, 8-12, 8-13, 9-10, 9-12, 10-12, 12-13",0 0 1 0 0 0 1 1 0 0 1 0 0|0 0 0 1 0 0 1 0 0 0 1 0 0|1 0 0 1 0 0 0 1 0 0 1 0 0|0 1 1 0 0 0 1 1 1 0 1 1 1|0 0 0 0 0 1 0 1 0 1 0 0 0|0 0 0 0 1 0 1 0 1 1 0 0 0|1 1 0 1 0 1 0 1 1 1 1 0 0|1 0 1 1 1 0 1 0 0 1 0 1 1|0 0 0 1 0 1 1 0 0 1 0 1 0|0 0 0 0 1 1 1 1 1 0 0 1 0|1 1 1 1 0 0 1 0 0 0 0 0 0|0 0 0 1 0 0 0 1 1 1 0 0 1|0 0 0 1 0 0 0 1 0 0 0 1 0,33,0,4,"1-5, 1-8, 1-12, 1-13, 2-8, 2-11, 2-12, 3-7, 3-9, 3-10, 3-12, 3-13, 4-6, 4-9, 4-10, 4-11, 5-8, 5-11, 5-13, 6-10, 6-13, 7-12, 7-13, 8-11, 8-12, 9-10, 9-11, 9-12, 10-11, 10-13, 11-12, 11-13, 12-13",0 0 0 0 1 0 0 1 0 0 0 1 1|0 0 0 0 0 0 0 1 0 0 1 1 0|0 0 0 0 0 0 1 0 1 1 0 1 1|0 0 0 0 0 1 0 0 1 1 1 0 0|1 0 0 0 0 0 0 1 0 0 1 0 1|0 0 0 1 0 0 0 0 0 1 0 0 1|0 0 1 0 0 0 0 0 0 0 0 1 1|1 1 0 0 1 0 0 0 0 0 1 1 0|0 0 1 1 0 0 0 0 0 1 1 1 0|0 0 1 1 0 1 0 0 1 0 1 0 1|0 1 0 1 1 0 0 1 1 1 0 1 1|1 1 1 0 0 0 1 1 1 0 1 0 1|1 0 1 0 1 1 1 0 0 1 1 1 0,33,0,4,"1-3, 1-5, 1-7, 1-8, 1-11, 1-12, 1-13, 2-4, 2-7, 2-8, 2-11, 2-12, 3-4, 3-7, 3-8, 3-9, 3-10, 3-11, 3-12, 3-13, 4-6, 4-7, 4-8, 4-9, 4-10, 4-11, 4-12, 4-13, 5-6, 5-8, 5-10, 5-11, 5-13, 6-7, 6-9, 6-10, 6-13, 7-8, 7-9, 7-10, 7-11, 7-12, 7-13, 8-10, 8-11, 8-12, 8-13, 9-10, 9-11, 9-12, 10-11, 10-12, 10-13, 11-12, 11-13, 12-13",0 0 1 0 1 0 1 1 0 0 1 1 1|0 0 0 1 0 0 1 1 0 0 1 1 0|1 0 0 1 0 0 1 1 1 1 1 1 1|0 1 1 0 0 1 1 1 1 1 1 1 1|1 0 0 0 0 1 0 1 0 1 1 0 1|0 0 0 1 1 0 1 0 1 1 0 0 1|1 1 1 1 0 1 0 1 1 1 1 1 1|1 1 1 1 1 0 1 0 0 1 1 1 1|0 0 1 1 0 1 1 0 0 1 1 1 0|0 0 1 1 1 1 1 1 1 0 1 1 1|1 1 1 1 1 0 1 1 1 1 0 1 1|1 1 1 1 0 0 1 1 1 1 1 0 1|1 0 1 1 1 1 1 1 0 1 1 1 0,56,0,8,0,0
3305,1484,ID12-13.64.4:,13,0 0 0 0 1 0 1 1 0 0 1 0 0|0 0 0 1 0 0 1 0 0 0 1 0 0|0 0 0 1 1 0 0 1 0 0 1 0 0|0 1 1 0 0 0 1 1 1 0 1 1 1|1 0 1 0 0 0 0 1 0 0 0 0 0|0 0 0 0 0 0 1 0 1 1 0 0 0|1 1 0 1 0 1 0 1 1 1 1 0 0|1 0 1 1 1 0 1 0 0 1 0 1 1|0 0 0 1 0 1 1 0 0 1 0 1 0|0 0 0 0 0 1 1 1 1 0 0 1 0|1 1 1 1 0 0 1 0 0 0 0 0 0|0 0 0 1 0 0 0 1 1 1 0 0 1|0 0 0 1 0 0 0 1 0 0 0 1 0,"1->5,2->2,3->1,4->12,5->6,6->4,7->11,8->13,9->9,10->10,11->8,12->3,13->7","1-3, 1-7, 1-8, 1-11, 2-4, 2-7, 2-11, 3-4, 3-8, 3-11, 4-7, 4-8, 4-9, 4-11, 4-12, 4-13, 5-6, 5-8, 5-10, 6-7, 6-9, 6-10, 7-8, 7-9, 7-10, 7-11, 8-10, 8-12, 8-13, 9-10, 9-12, 10-12, 12-13",0 0 1 0 0 0 1 1 0 0 1 0 0|0 0 0 1 0 0 1 0 0 0 1 0 0|1 0 0 1 0 0 0 1 0 0 1 0 0|0 1 1 0 0 0 1 1 1 0 1 1 1|0 0 0 0 0 1 0 1 0 1 0 0 0|0 0 0 0 1 0 1 0 1 1 0 0 0|1 1 0 1 0 1 0 1 1 1 1 0 0|1 0 1 1 1 0 1 0 0 1 0 1 1|0 0 0 1 0 1 1 0 0 1 0 1 0|0 0 0 0 1 1 1 1 1 0 0 1 0|1 1 1 1 0 0 1 0 0 0 0 0 0|0 0 0 1 0 0 0 1 1 1 0 0 1|0 0 0 1 0 0 0 1 0 0 0 1 0,33,0,4,"1-5, 1-8, 1-12, 1-13, 2-8, 2-11, 2-12, 3-7, 3-9, 3-10, 3-12, 3-13, 4-6, 4-9, 4-10, 4-11, 5-8, 5-11, 5-13, 6-10, 6-13, 7-12, 7-13, 8-11, 8-12, 9-10, 9-11, 9-12, 10-11, 10-13, 11-12, 11-13, 12-13",0 0 0 0 1 0 0 1 0 0 0 1 1|0 0 0 0 0 0 0 1 0 0 1 1 0|0 0 0 0 0 0 1 0 1 1 0 1 1|0 0 0 0 0 1 0 0 1 1 1 0 0|1 0 0 0 0 0 0 1 0 0 1 0 1|0 0 0 1 0 0 0 0 0 1 0 0 1|0 0 1 0 0 0 0 0 0 0 0 1 1|1 1 0 0 1 0 0 0 0 0 1 1 0|0 0 1 1 0 0 0 0 0 1 1 1 0|0 0 1 1 0 1 0 0 1 0 1 0 1|0 1 0 1 1 0 0 1 1 1 0 1 1|1 1 1 0 0 0 1 1 1 0 1 0 1|1 0 1 0 1 1 1 0 0 1 1 1 0,33,0,4,"1-3, 1-5, 1-7, 1-8, 1-11, 1-12, 1-13, 2-4, 2-7, 2-8, 2-11, 2-12, 3-4, 3-7, 3-8, 3-9, 3-10, 3-11, 3-12, 3-13, 4-6, 4-7, 4-8, 4-9, 4-10, 4-11, 4-12, 4-13, 5-6, 5-8, 5-10, 5-11, 5-13, 6-7, 6-9, 6-10, 6-13, 7-8, 7-9, 7-10, 7-11, 7-12, 7-13, 8-10, 8-11, 8-12, 8-13, 9-10, 9-11, 9-12, 10-11, 10-12, 10-13, 11-12, 11-13, 12-13",0 0 1 0 1 0 1 1 0 0 1 1 1|0 0 0 1 0 0 1 1 0 0 1 1 0|1 0 0 1 0 0 1 1 1 1 1 1 1|0 1 1 0 0 1 1 1 1 1 1 1 1|1 0 0 0 0 1 0 1 0 1 1 0 1|0 0 0 1 1 0 1 0 1 1 0 0 1|1 1 1 1 0 1 0 1 1 1 1 1 1|1 1 1 1 1 0 1 0 0 1 1 1 1|0 0 1 1 0 1 1 0 0 1 1 1 0|0 0 1 1 1 1 1 1 1 0 1 1 1|1 1 1 1 1 0 1 1 1 1 0 1 1|1 1 1 1 0 0 1 1 1 1 1 0 1|1 0 1 1 1 1 1 1 0 1 1 1 0,56,0,8,0,0
20776,1484,ID12-13.64.4:,13,0 0 0 0 1 0 1 1 0 0 1 0 0|0 0 0 1 0 0 1 0 0 0 1 0 0|0 0 0 1 1 0 0 1 0 0 1 0 0|0 1 1 0 0 0 1 1 1 0 1 1 1|1 0 1 0 0 0 0 1 0 0 0 0 0|0 0 0 0 0 0 1 0 1 1 0 0 0|1 1 0 1 0 1 0 1 1 1 1 0 0|1 0 1 1 1 0 1 0 0 1 0 1 1|0 0 0 1 0 1 1 0 0 1 0 1 0|0 0 0 0 0 1 1 1 1 0 0 1 0|1 1 1 1 0 0 1 0 0 0 0 0 0|0 0 0 1 0 0 0 1 1 1 0 0 1|0 0 0 1 0 0 0 1 0 0 0 1 0,"1->5,2->2,3->1,4->12,5->6,6->4,7->11,8->13,9->9,10->10,11->8,12->3,13->7","1-3, 1-7, 1-8, 1-11, 2-4, 2-7, 2-11, 3-4, 3-8, 3-11, 4-7, 4-8, 4-9, 4-11, 4-12, 4-13, 5-6, 5-8, 5-10, 6-7, 6-9, 6-10, 7-8, 7-9, 7-10, 7-11, 8-10, 8-12, 8-13, 9-10, 9-12, 10-12, 12-13",0 0 1 0 0 0 1 1 0 0 1 0 0|0 0 0 1 0 0 1 0 0 0 1 0 0|1 0 0 1 0 0 0 1 0 0 1 0 0|0 1 1 0 0 0 1 1 1 0 1 1 1|0 0 0 0 0 1 0 1 0 1 0 0 0|0 0 0 0 1 0 1 0 1 1 0 0 0|1 1 0 1 0 1 0 1 1 1 1 0 0|1 0 1 1 1 0 1 0 0 1 0 1 1|0 0 0 1 0 1 1 0 0 1 0 1 0|0 0 0 0 1 1 1 1 1 0 0 1 0|1 1 1 1 0 0 1 0 0 0 0 0 0|0 0 0 1 0 0 0 1 1 1 0 0 1|0 0 0 1 0 0 0 1 0 0 0 1 0,33,0,4,"1-5, 1-8, 1-12, 1-13, 2-8, 2-11, 2-12, 3-7, 3-9, 3-10, 3-12, 3-13, 4-6, 4-9, 4-10, 4-11, 5-8, 5-11, 5-13, 6-10, 6-13, 7-12, 7-13, 8-11, 8-12, 9-10, 9-11, 9-12, 10-11, 10-13, 11-12, 11-13, 12-13",0 0 0 0 1 0 0 1 0 0 0 1 1|0 0 0 0 0 0 0 1 0 0 1 1 0|0 0 0 0 0 0 1 0 1 1 0 1 1|0 0 0 0 0 1 0 0 1 1 1 0 0|1 0 0 0 0 0 0 1 0 0 1 0 1|0 0 0 1 0 0 0 0 0 1 0 0 1|0 0 1 0 0 0 0 0 0 0 0 1 1|1 1 0 0 1 0 0 0 0 0 1 1 0|0 0 1 1 0 0 0 0 0 1 1 1 0|0 0 1 1 0 1 0 0 1 0 1 0 1|0 1 0 1 1 0 0 1 1 1 0 1 1|1 1 1 0 0 0 1 1 1 0 1 0 1|1 0 1 0 1 1 1 0 0 1 1 1 0,33,0,4,"1-3, 1-5, 1-7, 1-8, 1-11, 1-12, 1-13, 2-4, 2-7, 2-8, 2-11, 2-12, 3-4, 3-7, 3-8, 3-9, 3-10, 3-11, 3-12, 3-13, 4-6, 4-7, 4-8, 4-9, 4-10, 4-11, 4-12, 4-13, 5-6, 5-8, 5-10, 5-11, 5-13, 6-7, 6-9, 6-10, 6-13, 7-8, 7-9, 7-10, 7-11, 7-12, 7-13, 8-10, 8-11, 8-12, 8-13, 9-10, 9-11, 9-12, 10-11, 10-12, 10-13, 11-12, 11-13, 12-13",0 0 1 0 1 0 1 1 0 0 1 1 1|0 0 0 1 0 0 1 1 0 0 1 1 0|1 0 0 1 0 0 1 1 1 1 1 1 1|0 1 1 0 0 1 1 1 1 1 1 1 1|1 0 0 0 0 1 0 1 0 1 1 0 1|0 0 0 1 1 0 1 0 1 1 0 0 1|1 1 1 1 0 1 0 1 1 1 1 1 1|1 1 1 1 1 0 1 0 0 1 1 1 1|0 0 1 1 0 1 1 0 0 1 1 1 0|0 0 1 1 1 1 1 1 1 0 1 1 1|1 1 1 1 1 0 1 1 1 1 0 1 1|1 1 1 1 0 0 1 1 1 1 1 0 1|1 0 1 1 1 1 1 1 0 1 1 1 0,56,0,8,0,0
21811,3643,ID29-.14.72.2:,14,0 1 0 0 1 1 0 0 1 1 0 1 0 1|1 0 0 0 0 0 0 0 0 1 1 0 1 1|0 0 0 1 1 1 0 0 0 0 0 0 0 1|0 0 1 0 1 0 1 1 1 0 1 0 0 1|1 0 1 1 0 1 0 1 1 0 0 0 0 0|1 0 1 0 1 0 0 0 0 0 0 0 0 1|0 0 0 1 0 0 0 0 1 1 1 1 1 0|0 0 0 1 1 0 0 0 1 0 0 0 0 0|1 0 0 1 1 0 1 1 0 0 0 1 0 0|1 1 0 0 0 0 1 0 0 0 0 1 1 0|0 1 0 1 0 0 1 0 0 0 0 0 1 1|1 0 0 0 0 0 1 0 1 1 0 0 0 0|0 1 0 0 0 0 1 0 0 1 1 0 0 0|1 1 1 1 0 1 0 0 0 0 1 0 0 0,"1->3,2->2,3->8,4->7,5->11,6->5,7->4,8->10,9->9,10->1,11->12,12->6,13->13,14->14","1-2, 1-3, 1-4, 1-5, 1-8, 1-9, 1-10, 1-11, 1-12, 1-14, 2-4, 2-10, 2-11, 2-13, 2-14, 3-4, 3-5, 3-6, 3-14, 4-5, 4-6, 4-7, 4-8, 4-9, 4-10, 4-11, 4-12, 4-14, 5-6, 5-8, 5-9, 6-14, 7-9, 7-10, 7-11, 7-12, 7-13, 8-9, 8-12, 9-12, 10-12, 10-13, 11-13, 11-14",0 1 1 1 1 0 0 1 1 1 1 1 0 1|1 0 0 1 0 0 0 0 0 1 1 0 1 1|1 0 0 1 1 1 0 0 0 0 0 0 0 1|1 1 1 0 1 1 1 1 1 1 1 1 0 1|1 0 1 1 0 1 0 1 1 0 0 0 0 0|0 0 1 1 1 0 0 0 0 0 0 0 0 1|0 0 0 1 0 0 0 0 1 1 1 1 1 0|1 0 0 1 1 0 0 0 1 0 0 1 0 0|1 0 0 1 1 0 1 1 0 0 0 1 0 0|1 1 0 1 0 0 1 0 0 0 0 1 1 0|1 1 0 1 0 0 1 0 0 0 0 0 1 1|1 0 0 1 0 0 1 1 1 1 0 0 0 0|0 1 0 0 0 0 1 0 0 1 1 0 0 0|1 1 1 1 0 1 0 0 0 0 1 0 0 0,44,0,5,"1-2, 1-3, 1-4, 1-6, 1-7, 1-13, 2-3, 2-7, 2-12, 2-13, 2-14, 3-6, 3-7, 3-8, 3-9, 3-10, 3-11, 3-12, 3-14, 4-6, 4-7, 4-9, 4-12, 4-13, 5-7, 5-8, 5-11, 5-14, 6-7, 6-9, 6-10, 7-8, 7-9, 7-10, 7-11, 7-12, 7-14, 8-11, 8-14, 9-10, 9-11, 10-11, 12-13, 12-14",0 1 1 1 0 1 1 0 0 0 0 0 1 0|1 0 1 0 0 0 1 0 0 0 0 1 1 1|1 1 0 0 0 1 1 1 1 1 1 1 0 1|1 0 0 0 0 1 1 0 1 0 0 1 1 0|0 0 0 0 0 0 1 1 0 0 1 0 0 1|1 0 1 1 0 0 1 0 1 1 0 0 0 0|1 1 1 1 1 1 0 1 1 1 1 1 0 1|0 0 1 0 1 0 1 0 0 0 1 0 0 1|0 0 1 1 0 1 1 0 0 1 1 0 0 0|0 0 1 0 0 1 1 0 1 0 1 0 0 0|0 0 1 0 1 0 1 1 1 1 0 0 0 0|0 1 1 1 0 0 1 0 0 0 0 0 1 1|1 1 0 1 0 0 0 0 0 0 0 1 0 0|0 1 1 0 1 0 1 1 0 0 0 1 0 0,44,0,5,"1-2, 1-3, 1-4, 1-5, 1-6, 1-7, 1-8, 1-9, 1-10, 1-11, 1-12, 1-13, 1-14, 2-3, 2-4, 2-7, 2-10, 2-11, 2-12, 2-13, 2-14, 3-4, 3-5, 3-6, 3-7, 3-8, 3-9, 3-10, 3-11, 3-12, 3-14, 4-5, 4-6, 4-7, 4-8, 4-9, 4-10, 4-11, 4-12, 4-13, 4-14, 5-6, 5-7, 5-8, 5-9, 5-11, 5-14, 6-7, 6-9, 6-10, 6-14, 7-8, 7-9, 7-10, 7-11, 7-12, 7-13, 7-14, 8-9, 8-11, 8-12, 8-14, 9-10, 9-11, 9-12, 10-11, 10-12, 10-13, 11-13, 11-14, 12-13, 12-14",0 1 1 1 1 1 1 1 1 1 1 1 1 1|1 0 1 1 0 0 1 0 0 1 1 1 1 1|1 1 0 1 1 1 1 1 1 1 1 1 0 1|1 1 1 0 1 1 1 1 1 1 1 1 1 1|1 0 1 1 0 1 1 1 1 0 1 0 0 1|1 0 1 1 1 0 1 0 1 1 0 0 0 1|1 1 1 1 1 1 0 1 1 1 1 1 1 1|1 0 1 1 1 0 1 0 1 0 1 1 0 1|1 0 1 1 1 1 1 1 0 1 1 1 0 0|1 1 1 1 0 1 1 0 1 0 1 1 1 0|1 1 1 1 1 0 1 1 1 1 0 0 1 1|1 1 1 1 0 0 1 1 1 1 0 0 1 1|1 1 0 1 0 0 1 0 0 1 1 1 0 0|1 1 1 1 1 1 1 1 0 0 1 1 0 0,72,0,8,0,0
35345,1484,ID12-13.64.4:,13,0 0 0 0 1 0 1 1 0 0 1 0 0|0 0 0 1 0 0 1 0 0 0 1 0 0|0 0 0 1 1 0 0 1 0 0 1 0 0|0 1 1 0 0 0 1 1 1 0 1 1 1|1 0 1 0 0 0 0 1 0 0 0 0 0|0 0 0 0 0 0 1 0 1 1 0 0 0|1 1 0 1 0 1 0 1 1 1 1 0 0|1 0 1 1 1 0 1 0 0 1 0 1 1|0 0 0 1 0 1 1 0 0 1 0 1 0|0 0 0 0 0 1 1 1 1 0 0 1 0|1 1 1 1 0 0 1 0 0 0 0 0 0|0 0 0 1 0 0 0 1 1 1 0 0 1|0 0 0 1 0 0 0 1 0 0 0 1 0,"1->5,2->2,3->1,4->12,5->6,6->4,7->11,8->13,9->9,10->10,11->8,12->3,13->7","1-3, 1-7, 1-8, 1-11, 2-4, 2-7, 2-11, 3-4, 3-8, 3-11, 4-7, 4-8, 4-9, 4-11, 4-12, 4-13, 5-6, 5-8, 5-10, 6-7, 6-9, 6-10, 7-8, 7-9, 7-10, 7-11, 8-10, 8-12, 8-13, 9-10, 9-12, 10-12, 12-13",0 0 1 0 0 0 1 1 0 0 1 0 0|0 0 0 1 0 0 1 0 0 0 1 0 0|1 0 0 1 0 0 0 1 0 0 1 0 0|0 1 1 0 0 0 1 1 1 0 1 1 1|0 0 0 0 0 1 0 1 0 1 0 0 0|0 0 0 0 1 0 1 0 1 1 0 0 0|1 1 0 1 0 1 0 1 1 1 1 0 0|1 0 1 1 1 0 1 0 0 1 0 1 1|0 0 0 1 0 1 1 0 0 1 0 1 0|0 0 0 0 1 1 1 1 1 0 0 1 0|1 1 1 1 0 0 1 0 0 0 0 0 0|0 0 0 1 0 0 0 1 1 1 0 0 1|0 0 0 1 0 0 0 1 0 0 0 1 0,33,0,4,"1-5, 1-8, 1-12, 1-13, 2-8, 2-11, 2-12, 3-7, 3-9, 3-10, 3-12, 3-13, 4-6, 4-9, 4-10, 4-11, 5-8, 5-11, 5-13, 6-10, 6-13, 7-12, 7-13, 8-11, 8-12, 9-10, 9-11, 9-12, 10-11, 10-13, 11-12, 11-13, 12-13",0 0 0 0 1 0 0 1 0 0 0 1 1|0 0 0 0 0 0 0 1 0 0 1 1 0|0 0 0 0 0 0 1 0 1 1 0 1 1|0 0 0 0 0 1 0 0 1 1 1 0 0|1 0 0 0 0 0 0 1 0 0 1 0 1|0 0 0 1 0 0 0 0 0 1 0 0 1|0 0 1 0 0 0 0 0 0 0 0 1 1|1 1 0 0 1 0 0 0 0 0 1 1 0|0 0 1 1 0 0 0 0 0 1 1 1 0|0 0 1 1 0 1 0 0 1 0 1 0 1|0 1 0 1 1 0 0 1 1 1 0 1 1|1 1 1 0 0 0 1 1 1 0 1 0 1|1 0 1 0 1 1 1 0 0 1 1 1 0,33,0,4,"1-3, 1-5, 1-7, 1-8, 1-11, 1-12, 1-13, 2-4, 2-7, 2-8, 2-11, 2-12, 3-4, 3-7, 3-8, 3-9, 3-10, 3-11, 3-12, 3-13, 4-6, 4-7, 4-8, 4-9, 4-10, 4-11, 4-12, 4-13, 5-6, 5-8, 5-10, 5-11, 5-13, 6-7, 6-9, 6-10, 6-13, 7-8, 7-9, 7-10, 7-11, 7-12, 7-13, 8-10, 8-11, 8-12, 8-13, 9-10, 9-11, 9-12, 10-11, 10-12, 10-13, 11-12, 11-13, 12-13",0 0 1 0 1 0 1 1 0 0 1 1 1|0 0 0 1 0 0 1 1 0 0 1 1 0|1 0 0 1 0 0 1 1 1 1 1 1 1|0 1 1 0 0 1 1 1 1 1 1 1 1|1 0 0 0 0 1 0 1 0 1 1 0 1|0 0 0 1 1 0 1 0 1 1 0 0 1|1 1 1 1 0 1 0 1 1 1 1 1 1|1 1 1 1 1 0 1 0 0 1 1 1 1|0 0 1 1 0 1 1 0 0 1 1 1 0|0 0 1 1 1 1 1 1 1 0 1 1 1|1 1 1 1 1 0 1 1 1 1 0 1 1|1 1 1 1 0 0 1 1 1 1 1 0 1|1 0 1 1 1 1 1 1 0 1 1 1 0,56,0,8,0,0
37879,1484,ID12-13.64.4:,13,0 0 0 0 1 0 1 1 0 0 1 0 0|0 0 0 1 0 0 1 0 0 0 1 0 0|0 0 0 1 1 0 0 1 0 0 1 0 0|0 1 1 0 0 0 1 1 1 0 1 1 1|1 0 1 0 0 0 0 1 0 0 0 0 0|0 0 0 0 0 0 1 0 1 1 0 0 0|1 1 0 1 0 1 0 1 1 1 1 0 0|1 0 1 1 1 0 1 0 0 1 0 1 1|0 0 0 1 0 1 1 0 0 1 0 1 0|0 0 0 0 0 1 1 1 1 0 0 1 0|1 1 1 1 0 0 1 0 0 0 0 0 0|0 0 0 1 0 0 0 1 1 1 0 0 1|0 0 0 1 0 0 0 1 0 0 0 1 0,"1->5,2->2,3->1,4->12,5->6,6->4,7->11,8->13,9->9,10->10,11->8,12->3,13->7","1-3, 1-7, 1-8, 1-11, 2-4, 2-7, 2-11, 3-4, 3-8, 3-11, 4-7, 4-8, 4-9, 4-11, 4-12, 4-13, 5-6, 5-8, 5-10, 6-7, 6-9, 6-10, 7-8, 7-9, 7-10, 7-11, 8-10, 8-12, 8-13, 9-10, 9-12, 10-12, 12-13",0 0 1 0 0 0 1 1 0 0 1 0 0|0 0 0 1 0 0 1 0 0 0 1 0 0|1 0 0 1 0 0 0 1 0 0 1 0 0|0 1 1 0 0 0 1 1 1 0 1 1 1|0 0 0 0 0 1 0 1 0 1 0 0 0|0 0 0 0 1 0 1 0 1 1 0 0 0|1 1 0 1 0 1 0 1 1 1 1 0 0|1 0 1 1 1 0 1 0 0 1 0 1 1|0 0 0 1 0 1 1 0 0 1 0 1 0|0 0 0 0 1 1 1 1 1 0 0 1 0|1 1 1 1 0 0 1 0 0 0 0 0 0|0 0 0 1 0 0 0 1 1 1 0 0 1|0 0 0 1 0 0 0 1 0 0 0 1 0,33,0,4,"1-5, 1-8, 1-12, 1-13, 2-8, 2-11, 2-12, 3-7, 3-9, 3-10, 3-12, 3-13, 4-6, 4-9, 4-10, 4-11, 5-8, 5-11, 5-13, 6-10, 6-13, 7-12, 7-13, 8-11, 8-12, 9-10, 9-11, 9-12, 10-11, 10-13, 11-12, 11-13, 12-13",0 0 0 0 1 0 0 1 0 0 0 1 1|0 0 0 0 0 0 0 1 0 0 1 1 0|0 0 0 0 0 0 1 0 1 1 0 1 1|0 0 0 0 0 1 0 0 1 1 1 0 0|1 0 0 0 0 0 0 1 0 0 1 0 1|0 0 0 1 0 0 0 0 0 1 0 0 1|0 0 1 0 0 0 0 0 0 0 0 1 1|1 1 0 0 1 0 0 0 0 0 1 1 0|0 0 1 1 0 0 0 0 0 1 1 1 0|0 0 1 1 0 1 0 0 1 0 1 0 1|0 1 0 1 1 0 0 1 1 1 0 1 1|1 1 1 0 0 0 1 1 1 0 1 0 1|1 0 1 0 1 1 1 0 0 1 1 1 0,33,0,4,"1-3, 1-5, 1-7, 1-8, 1-11, 1-12, 1-13, 2-4, 2-7, 2-8, 2-11, 2-12, 3-4, 3-7, 3-8, 3-9, 3-10, 3-11, 3-12, 3-13, 4-6, 4-7, 4-8, 4-9, 4-10, 4-11, 4-12, 4-13, 5-6, 5-8, 5-10, 5-11, 5-13, 6-7, 6-9, 6-10, 6-13, 7-8, 7-9, 7-10, 7-11, 7-12, 7-13, 8-10, 8-11, 8-12, 8-13, 9-10, 9-11, 9-12, 10-11, 10-12, 10-13, 11-12, 11-13, 12-13",0 0 1 0 1 0 1 1 0 0 1 1 1|0 0 0 1 0 0 1 1 0 0 1 1 0|1 0 0 1 0 0 1 1 1 1 1 1 1|0 1 1 0 0 1 1 1 1 1 1 1 1|1 0 0 0 0 1 0 1 0 1 1 0 1|0 0 0 1 1 0 1 0 1 1 0 0 1|1 1 1 1 0 1 0 1 1 1 1 1 1|1 1 1 1 1 0 1 0 0 1 1 1 1|0 0 1 1 0 1 1 0 0 1 1 1 0|0 0 1 1 1 1 1 1 1 0 1 1 1|1 1 1 1 1 0 1 1 1 1 0 1 1|1 1 1 1 0 0 1 1 1 1 1 0 1|1 0 1 1 1 1 1 1 0 1 1 1 0,56,0,8,0,0
38006,3646,ID29-.14.72.2:,14,0 1 1 0 0 1 0 0 1 0 0 0 1 1|1 0 0 0 0 0 1 1 0 0 1 1 1 1|1 0 0 0 1 1 0 0 1 1 1 0 1 0|0 0 0 0 1 0 0 1 0 1 0 1 0 0|0 0 1 1 0 0 1 1 0 1 0 0 1 0|1 0 1 0 0 0 0 0 0 0 1 0 0 1|0 1 0 0 1 0 0 1 0 0 0 0 1 0|0 1 0 1 1 0 1 0 0 0 0 1 0 0|1 0 1 0 0 0 0 0 0 0 0 0 1 0|0 0 1 1 1 0 0 0 0 0 1 1 0 0|0 1 1 0 0 1 0 0 0 1 0 1 0 1|0 1 0 1 0 0 0 1 0 1 1 0 0 0|1 1 1 0 1 0 1 0 1 0 0 0 0 0|1 1 0 0 0 1 0 0 0 0 1 0 0 0,"1->3,2->2,3->8,4->7,5->11,6->5,7->4,8->10,9->9,10->1,11->12,12->6,13->13,14->14","1-2, 1-3, 1-6, 1-9, 1-13, 1-14, 2-7, 2-8, 2-9, 2-10, 2-11, 2-12, 2-13, 2-14, 3-5, 3-6, 3-7, 3-8, 3-9, 3-10, 3-11, 3-12, 3-13, 3-14, 4-5, 4-8, 4-10, 4-12, 5-7, 5-8, 5-10, 5-13, 6-11, 6-14, 7-8, 7-13, 8-12, 9-13, 10-11, 10-12, 11-12, 11-14",0 1 1 0 0 1 0 0 1 0 0 0 1 1|1 0 0 0 0 0 1 1 1 1 1 1 1 1|1 0 0 0 1 1 1 1 1 1 1 1 1 1|0 0 0 0 1 0 0 1 0 1 0 1 0 0|0 0 1 1 0 0 1 1 0 1 0 0 1 0|1 0 1 0 0 0 0 0 0 0 1 0 0 1|0 1 1 0 1 0 0 1 0 0 0 0 1 0|0 1 1 1 1 0 1 0 0 0 0 1 0 0|1 1 1 0 0 0 0 0 0 0 0 0 1 0|0 1 1 1 1 0 0 0 0 0 1 1 0 0|0 1 1 0 0 1 0 0 0 1 0 1 0 1|0 1 1 1 0 0 0 1 0 1 1 0 0 0|1 1 1 0 1 0 1 0 1 0 0 0 0 0|1 1 1 0 0 1 0 0 0 0 1 0 0 0,42,0,4,"1-2, 1-6, 1-7, 1-8, 1-11, 1-12, 2-3, 2-4, 2-6, 2-9, 2-10, 2-12, 2-13, 2-14, 3-5, 3-8, 3-9, 3-13, 3-14, 4-8, 4-10, 4-11, 4-13, 5-8, 5-12, 5-14, 6-7, 6-8, 6-10, 6-12, 7-10, 7-11, 8-9, 8-10, 8-11, 8-12, 8-13, 8-14, 9-13, 10-11, 11-13, 12-14",0 1 0 0 0 1 1 1 0 0 1 1 0 0|1 0 1 1 0 1 0 0 1 1 0 1 1 1|0 1 0 0 1 0 0 1 1 0 0 0 1 1|0 1 0 0 0 0 0 1 0 1 1 0 1 0|0 0 1 0 0 0 0 1 0 0 0 1 0 1|1 1 0 0 0 0 1 1 0 1 0 1 0 0|1 0 0 0 0 1 0 0 0 1 1 0 0 0|1 0 1 1 1 1 0 0 1 1 1 1 1 1|0 1 1 0 0 0 0 1 0 0 0 0 1 0|0 1 0 1 0 1 1 1 0 0 1 0 0 0|1 0 0 1 0 0 1 1 0 1 0 0 1 0|1 1 0 0 1 1 0 1 0 0 0 0 0 1|0 1 1 1 0 0 0 1 1 0 1 0 0 0|0 1 1 0 1 0 0 1 0 0 0 1 0 0,42,0,4,"1-2, 1-3, 1-6, 1-7, 1-8, 1-9, 1-11, 1-12, 1-13, 1-14, 2-3, 2-4, 2-6, 2-7, 2-8, 2-9, 2-10, 2-11, 2-12, 2-13, 2-14, 3-5, 3-6, 3-7, 3-8, 3-9, 3-10, 3-11, 3-12, 3-13, 3-14, 4-5, 4-8, 4-10, 4-11, 4-12, 4-13, 5-7, 5-8, 5-10, 5-12, 5-13, 5-14, 6-7, 6-8, 6-10, 6-11, 6-12, 6-14, 7-8, 7-10, 7-11, 7-13, 8-9, 8-10, 8-11, 8-12, 8-13, 8-14, 9-13, 10-11, 10-12, 11-12, 11-13, 11-14, 12-14",0 1 1 0 0 1 1 1 1 0 1 1 1 1|1 0 1 1 0 1 1 1 1 1 1 1 1 1|1 1 0 0 1 1 1 1 1 1 1 1 1 1|0 1 0 0 1 0 0 1 0 1 1 1 1 0|0 0 1 1 0 0 1 1 0 1 0 1 1 1|1 1 1 0 0 0 1 1 0 1 1 1 0 1|1 1 1 0 1 1 0 1 0 1 1 0 1 0|1 1 1 1 1 1 1 0 1 1 1 1 1 1|1 1 1 0 0 0 0 1 0 0 0 0 1 0|0 1 1 1 1 1 1 1 0 0 1 1 0 0|1 1 1 1 0 1 1 1 0 1 0 1 1 1|1 1 1 1 1 1 0 1 0 1 1 0 0 1|1 1 1 1 1 0 1 1 1 0 1 0 0 0|1 1 1 0 1 1 0 1 0 0 1 1 0 0,66,0,8,0,0
43277,1484,ID12-13.64.4:,13,0 0 0 0 1 0 1 1 0 0 1 0 0|0 0 0 1 0 0 1 0 0 0 1 0 0|0 0 0 1 1 0 0 1 0 0 1 0 0|0 1 1 0 0 0 1 1 1 0 1 1 1|1 0 1 0 0 0 0 1 0 0 0 0 0|0 0 0 0 0 0 1 0 1 1 0 0 0|1 1 0 1 0 1 0 1 1 1 1 0 0|1 0 1 1 1 0 1 0 0 1 0 1 1|0 0 0 1 0 1 1 0 0 1 0 1 0|0 0 0 0 0 1 1 1 1 0 0 1 0|1 1 1 1 0 0 1 0 0 0 0 0 0|0 0 0 1 0 0 0 1 1 1 0 0 1|0 0 0 1 0 0 0 1 0 0 0 1 0,"1->5,2->2,3->1,4->12,5->6,6->4,7->11,8->13,9->9,10->10,11->8,12->3,13->7","1-3, 1-7, 1-8, 1-11, 2-4, 2-7, 2-11, 3-4, 3-8, 3-11, 4-7, 4-8, 4-9, 4-11, 4-12, 4-13, 5-6, 5-8, 5-10, 6-7, 6-9, 6-10, 7-8, 7-9, 7-10, 7-11, 8-10, 8-12, 8-13, 9-10, 9-12, 10-12, 12-13",0 0 1 0 0 0 1 1 0 0 1 0 0|0 0 0 1 0 0 1 0 0 0 1 0 0|1 0 0 1 0 0 0 1 0 0 1 0 0|0 1 1 0 0 0 1 1 1 0 1 1 1|0 0 0 0 0 1 0 1 0 1 0 0 0|0 0 0 0 1 0 1 0 1 1 0 0 0|1 1 0 1 0 1 0 1 1 1 1 0 0|1 0 1 1 1 0 1 0 0 1 0 1 1|0 0 0 1 0 1 1 0 0 1 0 1 0|0 0 0 0 1 1 1 1 1 0 0 1 0|1 1 1 1 0 0 1 0 0 0 0 0 0|0 0 0 1 0 0 0 1 1 1 0 0 1|0 0 0 1 0 0 0 1 0 0 0 1 0,33,0,4,"1-5, 1-8, 1-12, 1-13, 2-8, 2-11, 2-12, 3-7, 3-9, 3-10, 3-12, 3-13, 4-6, 4-9, 4-10, 4-11, 5-8, 5-11, 5-13, 6-10, 6-13, 7-12, 7-13, 8-11, 8-12, 9-10, 9-11, 9-12, 10-11, 10-13, 11-12, 11-13, 12-13",0 0 0 0 1 0 0 1 0 0 0 1 1|0 0 0 0 0 0 0 1 0 0 1 1 0|0 0 0 0 0 0 1 0 1 1 0 1 1|0 0 0 0 0 1 0 0 1 1 1 0 0|1 0 0 0 0 0 0 1 0 0 1 0 1|0 0 0 1 0 0 0 0 0 1 0 0 1|0 0 1 0 0 0 0 0 0 0 0 1 1|1 1 0 0 1 0 0 0 0 0 1 1 0|0 0 1 1 0 0 0 0 0 1 1 1 0|0 0 1 1 0 1 0 0 1 0 1 0 1|0 1 0 1 1 0 0 1 1 1 0 1 1|1 1 1 0 0 0 1 1 1 0 1 0 1|1 0 1 0 1 1 1 0 0 1 1 1 0,33,0,4,"1-3, 1-5, 1-7, 1-8, 1-11, 1-12, 1-13, 2-4, 2-7, 2-8, 2-11, 2-12, 3-4, 3-7, 3-8, 3-9, 3-10, 3-11, 3-12, 3-13, 4-6, 4-7, 4-8, 4-9, 4-10, 4-11, 4-12, 4-13, 5-6, 5-8, 5-10, 5-11, 5-13, 6-7, 6-9, 6-10, 6-13, 7-8, 7-9, 7-10, 7-11, 7-12, 7-13, 8-10, 8-11, 8-12, 8-13, 9-10, 9-11, 9-12, 10-11, 10-12, 10-13, 11-12, 11-13, 12-13",0 0 1 0 1 0 1 1 0 0 1 1 1|0 0 0 1 0 0 1 1 0 0 1 1 0|1 0 0 1 0 0 1 1 1 1 1 1 1|0 1 1 0 0 1 1 1 1 1 1 1 1|1 0 0 0 0 1 0 1 0 1 1 0 1|0 0 0 1 1 0 1 0 1 1 0 0 1|1 1 1 1 0 1 0 1 1 1 1 1 1|1 1 1 1 1 0 1 0 0 1 1 1 1|0 0 1 1 0 1 1 0 0 1 1 1 0|0 0 1 1 1 1 1 1 1 0 1 1 1|1 1 1 1 1 0 1 1 1 1 0 1 1|1 1 1 1 0 0 1 1 1 1 1 0 1|1 0 1 1 1 1 1 1 0 1 1 1 0,56,0,8,0,0
47711,1484,ID12-13.64.4:,13,0 0 0 0 1 0 1 1 0 0 1 0 0|0 0 0 1 0 0 1 0 0 0 1 0 0|0 0 0 1 1 0 0 1 0 0 1 0 0|0 1 1 0 0 0 1 1 1 0 1 1 1|1 0 1 0 0 0 0 1 0 0 0 0 0|0 0 0 0 0 0 1 0 1 1 0 0 0|1 1 0 1 0 1 0 1 1 1 1 0 0|1 0 1 1 1 0 1 0 0 1 0 1 1|0 0 0 1 0 1 1 0 0 1 0 1 0|0 0 0 0 0 1 1 1 1 0 0 1 0|1 1 1 1 0 0 1 0 0 0 0 0 0|0 0 0 1 0 0 0 1 1 1 0 0 1|0 0 0 1 0 0 0 1 0 0 0 1 0,"1->5,2->2,3->1,4->12,5->6,6->4,7->11,8->13,9->9,10->10,11->8,12->3,13->7","1-3, 1-7, 1-8, 1-11, 2-4, 2-7, 2-11, 3-4, 3-8, 3-11, 4-7, 4-8, 4-9, 4-11, 4-12, 4-13, 5-6, 5-8, 5-10, 6-7, 6-9, 6-10, 7-8, 7-9, 7-10, 7-11, 8-10, 8-12, 8-13, 9-10, 9-12, 10-12, 12-13",0 0 1 0 0 0 1 1 0 0 1 0 0|0 0 0 1 0 0 1 0 0 0 1 0 0|1 0 0 1 0 0 0 1 0 0 1 0 0|0 1 1 0 0 0 1 1 1 0 1 1 1|0 0 0 0 0 1 0 1 0 1 0 0 0|0 0 0 0 1 0 1 0 1 1 0 0 0|1 1 0 1 0 1 0 1 1 1 1 0 0|1 0 1 1 1 0 1 0 0 1 0 1 1|0 0 0 1 0 1 1 0 0 1 0 1 0|0 0 0 0 1 1 1 1 1 0 0 1 0|1 1 1 1 0 0 1 0 0 0 0 0 0|0 0 0 1 0 0 0 1 1 1 0 0 1|0 0 0 1 0 0 0 1 0 0 0 1 0,33,0,4,"1-5, 1-8, 1-12, 1-13, 2-8, 2-11, 2-12, 3-7, 3-9, 3-10, 3-12, 3-13, 4-6, 4-9, 4-10, 4-11, 5-8, 5-11, 5-13, 6-10, 6-13, 7-12, 7-13, 8-11, 8-12, 9-10, 9-11, 9-12, 10-11, 10-13, 11-12, 11-13, 12-13",0 0 0 0 1 0 0 1 0 0 0 1 1|0 0 0 0 0 0 0 1 0 0 1 1 0|0 0 0 0 0 0 1 0 1 1 0 1 1|0 0 0 0 0 1 0 0 1 1 1 0 0|1 0 0 0 0 0 0 1 0 0 1 0 1|0 0 0 1 0 0 0 0 0 1 0 0 1|0 0 1 0 0 0 0 0 0 0 0 1 1|1 1 0 0 1 0 0 0 0 0 1 1 0|0 0 1 1 0 0 0 0 0 1 1 1 0|0 0 1 1 0 1 0 0 1 0 1 0 1|0 1 0 1 1 0 0 1 1 1 0 1 1|1 1 1 0 0 0 1 1 1 0 1 0 1|1 0 1 0 1 1 1 0 0 1 1 1 0,33,0,4,"1-3, 1-5, 1-7, 1-8, 1-11, 1-12, 1-13, 2-4, 2-7, 2-8, 2-11, 2-12, 3-4, 3-7, 3-8, 3-9, 3-10, 3-11, 3-12, 3-13, 4-6, 4-7, 4-8, 4-9, 4-10, 4-11, 4-12, 4-13, 5-6, 5-8, 5-10, 5-11, 5-13, 6-7, 6-9, 6-10, 6-13, 7-8, 7-9, 7-10, 7-11, 7-12, 7-13, 8-10, 8-11, 8-12, 8-13, 9-10, 9-11, 9-12, 10-11, 10-12, 10-13, 11-12, 11-13, 12-13",0 0 1 0 1 0 1 1 0 0 1 1 1|0 0 0 1 0 0 1 1 0 0 1 1 0|1 0 0 1 0 0 1 1 1 1 1 1 1|0 1 1 0 0 1 1 1 1 1 1 1 1|1 0 0 0 0 1 0 1 0 1 1 0 1|0 0 0 1 1 0 1 0 1 1 0 0 1|1 1 1 1 0 1 0 1 1 1 1 1 1|1 1 1 1 1 0 1 0 0 1 1 1 1|0 0 1 1 0 1 1 0 0 1 1 1 0|0 0 1 1 1 1 1 1 1 0 1 1 1|1 1 1 1 1 0 1 1 1 1 0 1 1|1 1 1 1 0 0 1 1 1 1 1 0 1|1 0 1 1 1 1 1 1 0 1 1 1 0,56,0,8,0,0
